id,id_long,WIGOS,short_name,location,radar_type,postchange_start,prechange_end,site_lat,site_lon,ge_ground_altitude,site_alt,status,band,doppler,dp,eth_dhz_threshold,beamwidth,state,notes
1,001_1,0-20000-0-94867,CampRd,Broadmeadows,DWSR81C,28/10/1999,13/08/2010,-37.6899,144.9472,114,127.3,OK,C,,,18,1.7,VIC,not operational
1,001_2,0-20000-0-94867,CampRd,Broadmeadows,Wur2502C-8,25/07/2017,-,-37.6899,144.9472,114,127.3,OK,C,Yes,Yes,0,1.7,VIC,not operational
2,002_1,0-20000-0-94865,Melb,Melbourne,DWSR81C,7/09/1993,30/07/2007,-37.8553,144.7554,20,42,OK,C,,,18,1,VIC,
2,002_2,0-20000-0-94865,Melb,Melbourne,Meteor1500S,31/07/2007,25/08/2017,-37.8553,144.7554,20,45.093,OK,S,Yes,,0,1,VIC,
2,002_3,0-20000-0-94865,Melb,Melbourne,Meteor1500S,11/10/2017,-,-37.8553,144.7554,20,45.093,OK,S,Yes,Yes,0,1,VIC,
3,003_1,,Sydney,Sydney,DWSR74S,8/10/1995,8/02/2011,-34.2625,150.8752,451,471.625,OK,S,,,18,1.9,NSW,
3,003_2,0-20000-0-06821,Wollgng,Wollongong,DWSR8502S-14,9/02/2011,-,-34.2625,150.8752,451,471.625,OK,S,Yes,,0,1.9,NSW,
4,004_1,0-20000-0-06128,LemnTre,Newcastle,DWSR74S,7/09/1999,30/04/2013,-32.7298,152.0254,58,84.337,OK,S,,,18,1.9,NSW,
4,004_2,0-20000-0-06128,LemnTre,Newcastle,DWSR74S14-13,1/05/2013,-,-32.7298,152.0254,58,84.337,OK,S,Yes,,0,1.9,NSW,
5,005_1,0-20000-0-94300,Carnvn,Carnarvon,DWSR2502C-8,7/12/2004,-,-24.8879,113.6693,4,11.966,OK,C,,,18,1.7,WA,
6,006_1,0-20000-0-94403,Gerlton,Geraldton,DWSR2502C,8/02/2003,17/03/2019,-28.8046,114.6973,31,48.034,OK,C,,,18,1.7,WA,
6,006_2,0-20000-0-94403,Gerlton,Geraldton,Meteor735C,11/06/2019,-,-28.8044,114.6972,31,48.034,OK,C,Yes,Yes,0,1,WA,
7,007_1,0-20000-0-94214,Wyndham,Wyndham,WF100C-8,9/02/2010,-,-15.4517,128.1209,323,339.374,OK,C,,,18,1.7,WA,mostly operated in PPI mode
8,008_1,0-20000-0-99088,Kanign,Gympie,WF44,8/11/1999,26/08/2007,-25.9574,152.577,351,353.975,OK,S,,,18,3,QLD,
8,008_2,0-20000-0-99088,Kanign,Gympie,DWSR8502S-14,27/08/2007,-,-25.9574,152.577,351,353.975,OK,S,Yes,,0,1.9,QLD,
9,009_1,0-20000-0-94150,Gove,Gove,TVDR2500,1/10/2002,31/05/2023,-12.275,136.8199,54,75.7,OK,C,,,18,1.7,NT,
10,010_1,,Darwin,DarwinAP,DWSR2502C,25/02/1995,5/10/2021,-12.4247,130.8919,31,39.466,OK,C,,,18,1.7,NT,airport radar
10,010_2,,Darwin,DarwinAP,Wur2502C-8,28/06/2022,-,-12.4247,130.8919,31,39.466,OK,C,Yes,,18,1.7,NT,airport radar
11,011_1,0-20000-0-94672,Adel,AdelaideAP,WF100C,3/02/2005,10/07/2005,-34.95,138.533,4,13,OK,C,,,18,1.7,SA,airport radar
12,012_1,0-20000-0-94610,Perth,Perth,WF100C,10/03/1997,16/06/2010,-31.953,115.842,55,56,OK,C,,,18,1.7,WA,
14,014_1,0-20000-0-94821,Gambier,Mt Gambier,WF44,2/01/2001,2/02/2004,-37.7477,140.7746,67,80.374,OK,S,,,18,3,SA,
14,014_2,0-20000-0-94821,Gambier,Mt Gambier,WF100C-8,3/02/2004,-,-37.7477,140.7746,67,80.374,OK,C,,,18,1.7,SA,
15,015_1,,Dampier,Dampier,WSR81C,24/11/2004,2/08/2020,-20.6535,116.6833,33,57.5,OK,C,,,18,1.7,WA,
15,015_2,,Dampier,Dampier,WRM200-14,30/11/2020,-,-20.6535,116.6833,33,57.5,OK,C,Yes,Yes,0,1,WA,Vaisala radar
16,016_1,0-20000-0-94312,PHedld,Port Hedland,TVDR2500-8,11/03/1996,-,-20.3719,118.6317,9,23.774,OK,C,,,18,1.7,WA,
17,017_1,0-20000-0-94203,Broome,Broome,DWSR2502C,27/09/2002,11/07/2021,-17.9483,122.2353,11,31.436,OK,C,,,18,1.7,WA,
17,017_2,0-20000-0-94203,Broome,Broome,Wur2502C-8,7/09/2021,-,-17.9483,122.2353,11,31.436,OK,C,Yes,,0,1.6,WA,
18,018_1,0-20000-0-94170,Weipa18,Weipa,WF100C,5/11/1999,11/10/2015,-12.671,141.922,25,35,OK,C,,,18,1.7,QLD,
19,019_1,,Cairns,Cairns,WSR81C,8/03/1995,19/11/2014,-16.8182,145.6628,654,660.851,OK,C,,,18,1.7,QLD,
19,019_2,,Cairns,Cairns,Wur2502C-14,20/11/2014,-,-16.8182,145.6628,654,660.851,OK,C,Yes,,0,1,QLD,
20,020_1,,Twnsvl,TownsvilleAP,WF100C,21/12/1998,31/08/2014,-19.25,146.767,4,16,OK,C,,,18,2.1,QLD,airport radar
21,021_1,,MtStrt,Townsville,WF44,24/12/1998,17/08/2011,-19.3435,146.7808,583,585,OK,S,,,18,3,QLD,
22,022_1,0-20000-0-94367,Mackay,Mackay,WF44,31/10/1999,31/03/2006,-21.1173,149.2173,33,55.257,OK,S,,,18,3,QLD,
22,022_2,0-20000-0-94367,Mackay,Mackay,TVDR2500,1/04/2006,7/12/2023,-21.1173,149.2173,33,55.257,OK,C,,,18,1.7,QLD,
22,022_3,0-20000-0-94367,Mackay,Mackay,Meteor1700S,8/12/2023,-,-21.1173,149.2173,33,55.257,OK,S,Yes,Yes,0,1,QLD,
23,023_1,0-20000-0-94380,Gladstn,Gladstone,WF44,24/12/1998,5/12/2004,-23.855,151.2626,58,92.56,OK,S,,,18,3,QLD,
23,023_2,0-20000-0-94380,Gladstn,Gladstone,WSR74S-14,6/12/2004,-,-23.855,151.2626,58,92.56,OK,S,,,18,1.9,QLD,
24,024_1,,Bowen,Bowen,WF100C-8,7/05/2004,-,-19.8857,148.0756,47,72.504,OK,C,,,18,1.7,QLD,
25,025_1,0-20000-0-94326,AliceSp,Alice Springs,WF100C-8,28/10/2003,-,-23.795,133.8889,548,563.374,OK,C,,,18,1.7,NT,
26,026_1,,PrthAP,Perth AP,DWSR2502C,18/05/1997,30/04/2018,-31.9273,115.9756,16,24.616,OK,C,,,18,1.7,WA,
26,026_2,,PrthAP,Perth AP,Wur2502C-8,30/04/2018,28/11/2020,-31.9273,115.9756,16,24.616,OK,C,,,18,1.7,WA,airport radar
26,026_3,,PrthAP,Perth AP,Wur2502C-8,29/11/2020,-,-31.9273,115.9756,16,24.616,OK,C,Yes,,18,1.7,WA,airport radar
27,027_1,0-20000-0-94659,Woomera,Woomera,WF100C-8,11/12/2000,-,-31.1558,136.8044,169,175.974,OK,C,,,18,1.7,SA,
28,028_1,0-20000-0-95571,Grafton,Grafton,WSR74S-14,23/09/1998,-,-29.6206,152.9633,25,49.76,OK,S,,,18,1.9,QLD,
29,029_1,,Lrmonth,Learmouth,TVDR2500-8,24/02/1995,10/12/2020,-22.1032,113.9997,318,333.374,OK,C,,,18,1.7,WA,
29,029_2,,Lrmonth,Learmouth,TVDR2500-8,17/12/2020,-,-22.1032,113.9997,318,333.374,OK,C,Yes,,18,1.7,WA,
30,030_1,0-20000-0-94693,Mildura,Mildura,WF100-5C,16/11/2000,15/03/2021,-34.235,142.0861,44,59.3,OK,C,,,18,2,VIC,
31,031_1,0-20000-0-94802,Albany,Albany,WF100C,2/12/2002,30/11/2011,-34.9418,117.8164,69,93.434,OK,C,,,18,1.7,WA,
31,031_2,0-20000-0-94802,Albany,Albany,DWSR2502C,1/12/2011,4/02/2019,-34.9418,117.8164,69,93.434,OK,C,,,18,1.7,WA,
31,031_3,0-20000-0-94802,Albany,Albany,Meteor735C,14/05/2019,-,-34.9418,117.8163,69,93.434,OK,C,Yes,Yes,0,1,WA,
32,032_1,0-20000-0-94638,Esprnce,Esperence,WF100C,28/11/2001,30/09/2019,-33.8303,121.8917,17,43.334,OK,C,,,18,1.7,WA,
32,032_2,0-20000-0-94638,Esprnce,Esperence,Meteor735C,28/12/2019,-,-33.8303,121.8917,17,43.334,OK,C,Yes,Yes,0,1,WA,
33,033_1,0-20000-0-94653,Ceduna,Ceduna,WF100C,8/02/2001,30/06/2010,-32.1298,133.6963,14,32.616,OK,C,,,18,2.1,SA,
33,033_2,0-20000-0-94653,Ceduna,Ceduna,DWSR2502C,1/07/2010,8/03/2021,-32.1298,133.6963,14,32.616,OK,C,,,18,1.7,SA,
33,033_3,0-20000-0-94653,Ceduna,Ceduna,Wur2502C-8,4/05/2021,-,-32.1298,133.6963,14,32.616,OK,C,Yes,,0,1.7,SA,
34,034_1,0-20000-0-94287,CairnAP,Cairns AP,WF100C,30/08/2005,22/04/2015,-16.873,145.746,3,9,OK,C,,,18,2,QLD,airport radar
36,036_1,0-20000-0-94256,GlfCarp,Gulf of Carpentaria (Mornington Island),WSR81C-8,16/11/1999,-,-16.664,139.1812,7,19.624,OK,C,,,18,1.7,QLD,
37,037_1,0-20000-0-94975,Hobart,Hobart Airport,WF100C-6,5/06/1998,-,-42.8374,147.5008,23,32.124,OK,C,,,18,2,TAS,
38,038_1,0-20000-0-94510,Charleville,Charleville,WF100C,9/12/1999,1/10/2006,-26.4139,146.2558,306,316,OK,C,,,18,2,QLD,
38,038_2,,Ndegate,Newdegate,Wur2502C-8,1/10/2016,-,-33.097,119.0087,327,340.016,OK,C,Yes,,0,1.7,WA,
39,039_1,0-20000-0-94212,HallsCk,Halls Creek,WF100-5C,26/03/2008,13/06/2022,-18.2289,127.6628,427,439.374,OK,C,,,18,1.7,NT,
39,039_2,0-20000-0-94212,HallsCk,Halls Creek,Wur2502C-8,4/08/2022,-,-18.2289,127.6628,427,439.374,OK,C,Yes,,18,1.7,NT,
40,040_1,0-20000-0-07034,CapFlat,Canberra (Captains Flat),DWSR74S14-13,16/01/1998,12/05/2013,-35.6614,149.5122,1365,1382.76,OK,S,,,18,1.9,ACT,
40,040_2,0-20000-0-07034,CapFlat,Canberra (Captains Flat),DWSR74S14-13,17/05/2013,-,-35.6614,149.5122,1365,1382.76,OK,S,Yes,,0,1.9,ACT,
41,041_1,0-20000-0-94299,Willis,Willis Island,WF100,11/12/1998,1/11/2006,-16.2874,149.9646,1,20.356,OK,C,,,18,1.7,QLD,
41,041_2,0-20000-0-94299,Willis,Willis Island,WF100,2/11/2006,16/11/2011,-16.2874,149.9646,1,20.356,OK,C,,,18,1.7,QLD,
41,041_3,0-20000-0-94299,Willis,Willis Island,Wur2502C-8,17/11/2011,7/11/2022,-16.2874,149.9646,1,20.356,OK,C,,,18,1.7,QLD,
41,041_4,0-20000-0-94299,Willis,Willis Island,Wur2502C-8,8/11/2022,-,-16.2874,149.9646,1,20.356,OK,C,Yes,,18,1.7,QLD,
42,042_1,0-20000-0-99131,Tindal,Katherine (Tindal),WSR81C-8,15/10/2003,-,-14.5124,132.4431,205,225,CHECK,C,,,18,1.7,NT,
43,043_1,0-20000-0-94578,BrisAP,Brisbane Airport,WF100C,4/11/1999,26/01/2009,-27.3915,153.13,6,12,OK,C,,,18,3,QLD,airport radar
44,044_1,0-20000-0-94461,Giles,Giles,WF100C-6,15/10/2003,-,-25.0332,128.3017,599,607.374,OK,C,,,18,2,NT,
45,045_1,0-20000-0-94647,Eucla,Eucla,WF100C,14/05/2003,12/12/2012,-31.6792,128.895,101,108,OK,C,,,18,1.7,SA,
46,046_1,0-20000-0-95679,Sellick,Adelaide (Sellicks Hill),WSR81C-8,13/12/1993,-,-35.3295,138.5024,387,395.074,OK,C,,,18,1.7,SA,
47,047_1,0-20000-0-06821,Rhmptn,Rockhampton,WF100C,15/12/1998,31/08/2014,-23.383,150.467,10,14,OK,C,,,18,1.6,QLD,
48,048_1,0-20000-0-94637,Kgrlie,Kalgoorlie,WF100C,12/09/2001,22/04/2014,-30.7843,121.4549,369,389.975,OK,C,,,18,1.6,WA,
48,048_2,0-20000-0-94637,Kgrlie,Kalgoorlie,Wur2502C-14,23/04/2014,-,-30.7843,121.4549,369,389.975,OK,C,Yes,,0,1,WA,
49,049_1,0-20000-0-94862,NEVic,Yarrawonga,WF100-6C,25/06/2002,19/11/2006,-36.0297,146.0228,129,146.96,OK,C,,,18,1,VIC,
49,049_1,0-20000-0-94862,NEVic,Yarrawonga,WSR81C-14,20/11/2006,-,-36.0297,146.0228,129,146.96,OK,C,Yes,,0,1,VIC,
50,050_1,,Marburg,Brisbane (Marburg),WSR74S,5/12/1993,26/04/2023,-27.6063,152.5401,362,371.06,OK,S,,,18,1.9,QLD,
50,050_2,,Marburg,Brisbane (Marburg),Meteor1700S,30/10/2023,-,-27.6063,152.5401,362,386.4443,OK,S,Yes,Yes,0,1,QLD,
51,051_1,0-20000-0-94866,MelbnAP,Melbourne Airport,WF100C,20/09/1993,17/05/2018,-37.6656,144.8312,113,123,OK,C,,,18,1.7,VIC,
52,052_1,,WTakone,N.W. Tasmania (West Takone),WSR81C,5/06/1998,4/04/2016,-41.1791,145.58,578,600.975,OK,C,,,18,1.5,TAS,
52,052_2,,WTakone,N.W. Tasmania (West Takone),Wur2502C-14,5/04/2016,-,-41.1791,145.58,578,600.975,OK,C,Yes,,0,1,TAS,
53,053_1,0-20000-0-95527,Moree,Moree,WF100C-8,7/01/1997,-,-29.4903,149.8462,220,221.524,OK,C,,,18,1.7,NSW,
54,054_1,,Kurnell,Sydney (Kurnell),WF100-6C,23/02/1999,-,-34.0148,151.2263,39,63.76,OK,C,Yes,,0,1,NSW,
55,055_1,0-20000-0-94910,Wagga,Wagga Wagga,WF100C-8,1/03/1997,-,-35.1582,147.4563,221,229.374,OK,C,,,18,1.7,NSW,
56,056_1,0-20000-0-94346,Longrch,Longreach,WF100C-8,18/12/2000,-,-23.4398,144.2822,193,201.574,OK,C,,,18,1.7,QLD,
57,057_1,,Esale,East Sale,WF44,3/08/1996,5/05/2008,-38.12,147.13,7,17,OK,S,,,18,3,VIC,
58,058_1,,SthDood,South Doodlakine,Wur2502C-8,15/02/2017,-,-31.7778,117.9528,392,416.016,OK,C,Yes,,0,1.7,WA,
63,063_1,,Berrima,Darwin (Berrimah),WF100C,10/02/1995,8/10/2014,-12.4559,130.9265,36,59.975,OK,C,Yes,,0,1,NT,
63,063_2,,Berrima,Darwin (Berrimah),Wur2502C-14,9/10/2014,-,-12.4559,130.9265,36,59.975,OK,C,Yes,,0,1,NT,
64,064_1,,BuckPk,Adelaide (Buckland Park),Meteor1500S,27/10/2005,28/01/2018,-34.6169,138.4689,7,28.993,OK,S,Yes,,0,1,SA,
64,064_2,,BuckPk,Adelaide (Buckland Park),Meteor1500S,29/01/2018,-,-34.6169,138.4689,7,28.993,OK,S,Yes,Yes,0,1,SA,
65,065_1,0-20000-0-94238,Tennant,Tennant Creek,WF100C,10/07/2007,30/06/2015,-19.6423,134.1832,371,394,OK,C,,,18,1.8,NT,
66,066_1,,MtStapl,Brisbane (Mt Stapylton),Meteor1500S,8/06/2006,22/08/2017,-27.7178,153.24,153,174.993,OK,S,Yes,,0,1,QLD,
66,066_1,,MtStapl,Brisbane (Mt Stapylton),Meteor1500S,21/09/2017,-,-27.7178,153.24,153,174.993,OK,S,Yes,Yes,0,1,QLD,
67,067_1,,Warrego,Warrego,TVDR2500-8,6/10/2006,5/10/2020,-26.44,147.3492,515,534.374,OK,C,,,18,1.7,QLD,
67,067_2,,Warrego,Warrego,TVDR2500-8,6/10/2020,-,-26.44,147.3492,515,534.374,OK,C,Yes,,18,1.7,QLD,
68,068_1,0-20000-0-08518,Bnsdale,Bairnsdale,DWSR8502C,6/05/2008,31/08/2020,-37.8876,147.5755,50,65.316,OK,C,,,18,1.7,VIC,
68,068_2,0-20000-0-08518,Bnsdale,Bairnsdale,Wur2502C-8,19/10/2020,-,-37.8876,147.5755,50,65.316,OK,C,Yes,,0,1.7,VIC,
69,069_1,0-20000-0-05528,Namoi,Namoi (Blackjack Mountain),DWSR8502S-14,2/06/2010,-,-31.02419,150.1919,670,720.045,OK,S,Yes,,0,1.9,NSW,
70,070_1,0-20000-0-00927,Serptin,Perth (Serpentine),TVDR2500,2/02/2010,29/08/2022,-32.3917,115.867,20,42.443,OK,C,Yes,,0,1,WA,
70,070_2,0-20000-0-00927,Serptin,Perth (Serpentine),Meteor1700S,29/11/2022,-,-32.3917,115.867,20,42.443,OK,S,Yes,Yes,0,1,WA,
71,071_1,,THills,Sydney (Terrey Hills),Meteor1500S,15/05/2009,31/08/2017,-33.7008,151.2094,200,223.493,OK,S,Yes,,0,1,NSW,
71,071_2,,THills,Sydney (Terrey Hills),Meteor1500S,21/09/2017,-,-33.7008,151.2094,200,223.493,OK,S,Yes,Yes,0,1,NSW,
72,072_1,,Emerald,Emerald,DWSR8502S-14,9/03/2010,-,-23.5498,148.2392,187,211.275,OK,S,Yes,,0,1.9,QLD,
73,073_1,0-20000-0-03332,HrvyRng,Townsville (Hervey Range),DWSR2502C-14,3/08/2011,-,-19.4198,146.5509,573,612.525,OK,C,Yes,,0,1,QLD,
74,074_1,,Grnvale,Greenvale,Meteor1700S,30/11/2021,-,-18.9976,144.9959,492,512,CHECK,S,Yes,Yes,0,1,QLD,
75,075_1,0-20000-0-02918,MntIsa,Mount Isa,DWSR8502S-14,14/09/2012,-,-20.7112,139.5552,494,516.675,OK,S,Yes,,0,1.9,QLD,
76,076_1,,Koonya,Hobart (Mt Koonya),Wur2502C-14,22/03/2012,-,-43.1126,147.8052,477,511.654,OK,C,Yes,,0,1,TAS,
77,077_1,0-20010-0-3046,Arafura,Warruwi,Wur2502C-14,15/11/2012,-,-11.6485,133.38,20,43.69,OK,C,Yes,,0,1,NT,
78,078_1,0-20000-0-94170,Weipa78,Weipa,Wur2502C-14,12/10/2015,-,-12.6664,141.9247,26,43.675,OK,C,Yes,,0,1,NT,
79,079_1,,Wathroo,Watheroo,Wur2502C-8,10/05/2017,-,-30.36,116.2896,346,366.986,OK,C,Yes,,0,1.7,WA,
93,093_1,,Brewarr,Brewarrina,Meteor735C,1/12/2020,-,-29.9708,146.8136,127,149.364,OK,C,Yes,Yes,0,1,NSW,
94,094_1,,Hillston,Hillston,Meteor735C,30/07/2021,-,-33.552,145.5286,118,144.034,OK,C,Yes,Yes,0,1,NSW,
95,095_1,,Rainbow,Rainbow (Wimmera),Meteor735C,30/03/2020,-,-35.9976,142.0133,124,148.584,OK,C,Yes,Yes,0,1,VIC,
96,096_1,,Yeoval,Yeoval,Meteor735C,26/05/2022,-,-32.7444,148.7081,459,486.824,OK,C,Yes,Yes,0,1,NSW,
97,097_1,,Mild_DP,Mildura,Meteor735C,15/03/2021,-,-34.28713,141.5982,60,80,CHECK,C,Yes,Yes,0,1,VIC,
98,098_1,,Taroom,Taroom,Meteor1700S,14/05/2022,-,-25.6962,149.8982,271,312.443,OK,S,Yes,Yes,0,1,QLD,
105,105_1,,BrisAP,Meteopress C-band,MPressC-8,2/11/2022,-,-27.3915,153.13,6,12.066,OK,C,Yes,Yes,0,1.7,QLD,
106,106_1,,Townsville,Townsville,Meteor1700S,6/11/2024,-,-19.4198,146.5509,573,594.96,OK,S,Yes,Yes,0,1,QLD,
107,107_1,,Rchmond,Richmond,Meteor1700S,29/09/2022,-,-20.7518,143.1414,214,245.443,OK,S,Yes,Yes,0,1,QLD,
108,108_1,,Toowoomba,Toowoomba,Meteor1700S,18/04/2024,-,-27.274,151.993,757,780.97,OK,S,Yes,Yes,0,1,QLD,
111,111_1,,Karratha,Karratha,Meteor1700S,16/10/2024,-,-20.9924,116.8758,181,213.013,OK,S,Yes,Yes,0,1,WA,
112,112_1,,Gove,Gove,WRM200-14,6/07/2023,-,-12.275,136.8199,54,63.225,OK,C,Yes,Yes,0,1,NT,
114,114_1,,Carnarvon,Carnarvon (Gascoyne),Wur2502C-8,6/07/2023,-,-24.8879,113.6693,4,27.574,OK,C,Yes,,0,1,WA,
